Group,Average Oxygen
0,12.862
1,4.251145161290323
2,4.335106451612903
3,4.258925806451613
4,4.6799193548387095
5,4.931812903225807
6,5.26043870967742
